<?xml version="1.0" encoding="UTF-8" ?>
<!DOCTYPE log4j:configuration SYSTEM "log4j.dtd">

<log4j:configuration debug="false" xmlns:log4j="http://jakarta.apache.org/log4j/">

    <appender name="ConsoleAppender" class="org.apache.log4j.ConsoleAppender">
        <param name="Encoding" value="UTF-8"/>
        <layout class="org.apache.log4j.PatternLayout">
            <param name="ConversionPattern" value="%d %p [%t] %C{1} - %m\n" />
        </layout>
    </appender>

    <appender name="application" class="org.apache.log4j.RollingFileAppender">
        <param name="File" value="application.log"/>
        <param name="MaxFileSize" value="100MB"/>
        <param name="MaxBackupIndex" value="10"/>
        <param name="Encoding" value="UTF-8"/>
        <layout class="org.apache.log4j.PatternLayout">
            <param name="ConversionPattern" value="%d %p [%t] %C{1} - %m\n"/>
        </layout>
    </appender>


    <root>
        <priority value="WARN"/>
        <appender-ref ref="ConsoleAppender" />
    </root>

    <logger name="Application">
        <level value="INFO"/>
        <appender-ref ref="application"/>
    </logger>

</log4j:configuration>