<?xml version="1.0" encoding="UTF-8"?>
<Configuration package="log4j.StatusJDBC"
               status="WARN">
    <Appenders>
        <Console name="Console" target="SYSTEM_OUT">
            <PatternLayout pattern="%d{HH:mm:ss.SSS} [%t] %-5level %logger{36} - %msg%n"/>
        </Console>
    </Appenders>
    <Loggers>
        <Logger name="log4j.StatusJDBC.Log4jStatusJDBC" level="trace">
            <AppenderRef ref="Console"/>
        </Logger>
        <Root level="trace">
            <AppenderRef ref="Console"/>
        </Root>
    </Loggers>
</Configuration>